{
    "train_loss": [
        0.021495699509978292,
        0.021096178982406854,
        0.020957308867946268,
        0.021570634779830775,
        0.022234142307812968,
        0.0238326169239978,
        0.020974792400375007,
        0.02092233373162647,
        0.020928497007116676,
        0.019969218239809076
    ],
    "train_metrics": {
        "accuracy": [
            0.7071823204419889,
            0.7292817679558011,
            0.7292817679558011,
            0.7292817679558011,
            0.7292817679558011,
            0.7292817679558011,
            0.7292817679558011,
            0.7292817679558011,
            0.7292817679558011,
            0.7292817679558011
        ],
        "f1": [
            0.171875,
            0,
            0,
            0,
            0,
            0,
            0,
            0,
            0,
            0
        ],
        "precision": [
            0.36666666666666664,
            0,
            0,
            0,
            0,
            0,
            0,
            0,
            0,
            0
        ],
        "recall": [
            0.11224489795918367,
            0.0,
            0.0,
            0.0,
            0.0,
            0.0,
            0.0,
            0.0,
            0.0,
            0.0
        ]
    },
    "val_loss": [
        0.01239049732685089,
        0.009699081117287279,
        0.012286356681336959,
        0.012062136518458525,
        0.012566381848106782,
        0.011967906169593335,
        0.012350758568694194,
        0.011894602918376525,
        0.011849548822889725,
        0.011737016184876362
    ],
    "val_metrics": {
        "accuracy": [
            1.0,
            1.0,
            1.0,
            1.0,
            1.0,
            1.0,
            1.0,
            1.0,
            1.0,
            1.0
        ],
        "f1": [
            0,
            0,
            0,
            0,
            0,
            0,
            0,
            0,
            0,
            0
        ],
        "precision": [
            0,
            0,
            0,
            0,
            0,
            0,
            0,
            0,
            0,
            0
        ],
        "recall": [
            0,
            0,
            0,
            0,
            0,
            0,
            0,
            0,
            0,
            0
        ]
    },
    "test_loss": [],
    "test_metrics": {
        "accuracy": [],
        "f1": [],
        "precision": [],
        "recall": []
    },
    "steps": [
        0,
        1,
        2,
        3,
        4,
        5,
        6,
        7,
        8,
        9
    ],
    "val_steps": [
        0,
        1,
        2,
        3,
        4,
        5,
        6,
        7,
        8,
        9
    ],
    "grad_norms": [
        2.5419192424451467,
        0.974117611956899,
        1.7190561299503315,
        3.0070630383852404,
        1.291936600857298,
        0.5899313069603522,
        0.520938840607414,
        1.6781556621281197,
        0.7662914057582384,
        0.527346493636287,
        1.2170437051390763,
        1.6590709866277393,
        0.8882318984487938,
        0.6466321210318711,
        0.952656944620685,
        2.2206348539621104,
        0.4798767750544357,
        1.4395196463010507,
        1.4480978137871716,
        0.9808018118928885,
        0.5246861396735767,
        0.4631388264388079,
        0.8286262787441956,
        1.303269821102731,
        0.6808661696632043,
        0.7768627239274792,
        0.30487959254480756,
        1.0810329375017318,
        1.0070759191221441,
        0.5744149532365554,
        1.3964795633291942,
        0.5347062547807582,
        0.38033879882641486,
        1.2015644714119844,
        1.2231768618221395,
        1.40289445820963,
        0.46192975096346345,
        0.29324948324756406,
        0.38053464603581233,
        0.7469190701522166,
        1.5055793171632104,
        0.34766572088119574,
        0.9869093618763145,
        1.7222355211997638,
        0.3709147325353115,
        0.3072900923943962,
        0.40927736957382876,
        0.5740962027193746,
        0.8672421237279195,
        0.3638010188587941,
        1.4843743357341737,
        0.5752870089927455,
        1.0880592055036686,
        0.3128124980285065,
        0.5471522053630906,
        0.48886237060651183,
        0.645127890034928,
        0.5066784270456992,
        0.7375129464926431,
        1.5686746993742418,
        0.45510198397460044,
        1.1746818554893252,
        1.5348904333659448,
        1.031612228427548,
        0.26623299217135354,
        0.9926372393529164,
        0.77784374156181,
        0.677450366467383,
        1.5399796186538879,
        0.4715253752510762,
        0.6486004332182347,
        4.085328264161944,
        0.7386460732086562,
        0.3511898938086233,
        0.759689679092844,
        0.897128606971819,
        1.3390390398562886,
        0.8238640141207725,
        1.030442721908912,
        0.7069969697622582,
        0.3771167025115574,
        1.8036790986952838,
        1.671194272406865,
        0.9036614606593503,
        1.4331135604006704,
        1.1122224557911977,
        1.12108395062387,
        1.6653702496550977,
        0.583453415427357,
        1.0885197658790275,
        2.4532536494079977,
        0.9188424437306821,
        1.0538991588400677,
        0.9218451757915318,
        0.354880860177218,
        0.8403790183219826,
        0.7786354076524731,
        0.33940120083570946,
        1.4643088865559548,
        0.6138971350446809,
        0.8563341298140585,
        0.9127751807973254,
        0.47696056660061004,
        0.7348679556162097,
        0.3393322167103179,
        0.4969233508454636,
        0.6198924423370045,
        0.7815325184492394,
        0.793401785340393,
        1.3993192352354527,
        1.5287465490255272,
        0.5936348936811555,
        1.2364808591082692,
        0.3683213991607772,
        1.5966898573096842,
        0.509228654729668,
        0.6910308395745233,
        1.616506375867175,
        0.4942843352473574,
        1.6009203338180669
    ],
    "grad_steps": [
        1,
        2,
        3,
        4,
        5,
        6,
        7,
        8,
        9,
        10,
        11,
        12,
        13,
        14,
        15,
        16,
        17,
        18,
        19,
        20,
        21,
        22,
        23,
        24,
        25,
        26,
        27,
        28,
        29,
        30,
        31,
        32,
        33,
        34,
        35,
        36,
        37,
        38,
        39,
        40,
        41,
        42,
        43,
        44,
        45,
        46,
        47,
        48,
        49,
        50,
        51,
        52,
        53,
        54,
        55,
        56,
        57,
        58,
        59,
        60,
        61,
        62,
        63,
        64,
        65,
        66,
        67,
        68,
        69,
        70,
        71,
        72,
        73,
        74,
        75,
        76,
        77,
        78,
        79,
        80,
        81,
        82,
        83,
        84,
        85,
        86,
        87,
        88,
        89,
        90,
        91,
        92,
        93,
        94,
        95,
        96,
        97,
        98,
        99,
        100,
        101,
        102,
        103,
        104,
        105,
        106,
        107,
        108,
        109,
        110,
        111,
        112,
        113,
        114,
        115,
        116,
        117,
        118,
        119,
        120
    ]
}