{
    "train_loss": [
        0.021495699509978292,
        0.021096178982406854,
        0.020957308867946268,
        0.021570634779830775,
        0.022234142307812968
    ],
    "train_metrics": {
        "accuracy": [
            0.7071823204419889,
            0.7292817679558011,
            0.7292817679558011,
            0.7292817679558011,
            0.7292817679558011
        ],
        "f1": [
            0.171875,
            0,
            0,
            0,
            0
        ],
        "precision": [
            0.36666666666666664,
            0,
            0,
            0,
            0
        ],
        "recall": [
            0.11224489795918367,
            0.0,
            0.0,
            0.0,
            0.0
        ]
    },
    "val_loss": [
        0.01239049732685089,
        0.009699081117287279,
        0.012286356681336959,
        0.012062136518458525,
        0.012566381848106782
    ],
    "val_metrics": {
        "accuracy": [
            1.0,
            1.0,
            1.0,
            1.0,
            1.0
        ],
        "f1": [
            0,
            0,
            0,
            0,
            0
        ],
        "precision": [
            0,
            0,
            0,
            0,
            0
        ],
        "recall": [
            0,
            0,
            0,
            0,
            0
        ]
    },
    "test_loss": [],
    "test_metrics": {
        "accuracy": [],
        "f1": [],
        "precision": [],
        "recall": []
    },
    "steps": [
        0,
        1,
        2,
        3,
        4
    ],
    "val_steps": [
        0,
        1,
        2,
        3,
        4
    ],
    "grad_norms": [
        2.5419192424451467,
        0.974117611956899,
        1.7190561299503315,
        3.0070630383852404,
        1.291936600857298,
        0.5899313069603522,
        0.520938840607414,
        1.6781556621281197,
        0.7662914057582384,
        0.527346493636287,
        1.2170437051390763,
        1.6590709866277393,
        0.8882318984487938,
        0.6466321210318711,
        0.952656944620685,
        2.2206348539621104,
        0.4798767750544357,
        1.4395196463010507,
        1.4480978137871716,
        0.9808018118928885,
        0.5246861396735767,
        0.4631388264388079,
        0.8286262787441956,
        1.303269821102731,
        0.6808661696632043,
        0.7768627239274792,
        0.30487959254480756,
        1.0810329375017318,
        1.0070759191221441,
        0.5744149532365554,
        1.3964795633291942,
        0.5347062547807582,
        0.38033879882641486,
        1.2015644714119844,
        1.2231768618221395,
        1.40289445820963,
        0.46192975096346345,
        0.29324948324756406,
        0.38053464603581233,
        0.7469190701522166,
        1.5055793171632104,
        0.34766572088119574,
        0.9869093618763145,
        1.7222355211997638,
        0.3709147325353115,
        0.3072900923943962,
        0.40927736957382876,
        0.5740962027193746,
        0.8672421237279195,
        0.3638010188587941,
        1.4843743357341737,
        0.5752870089927455,
        1.0880592055036686,
        0.3128124980285065,
        0.5471522053630906,
        0.48886237060651183,
        0.645127890034928,
        0.5066784270456992,
        0.7375129464926431,
        1.5686746993742418
    ],
    "grad_steps": [
        1,
        2,
        3,
        4,
        5,
        6,
        7,
        8,
        9,
        10,
        11,
        12,
        13,
        14,
        15,
        16,
        17,
        18,
        19,
        20,
        21,
        22,
        23,
        24,
        25,
        26,
        27,
        28,
        29,
        30,
        31,
        32,
        33,
        34,
        35,
        36,
        37,
        38,
        39,
        40,
        41,
        42,
        43,
        44,
        45,
        46,
        47,
        48,
        49,
        50,
        51,
        52,
        53,
        54,
        55,
        56,
        57,
        58,
        59,
        60
    ]
}