{
    "train_loss": [
        0.02391468803398311,
        0.024780959247921907,
        0.02119742849220832,
        0.01961784002681573,
        0.02105508881310622
    ],
    "train_metrics": {
        "accuracy": [
            0.7292817679558011,
            0.7292817679558011,
            0.7292817679558011,
            0.7292817679558011,
            0.7292817679558011
        ],
        "f1": [
            0.05769230769230769,
            0,
            0,
            0,
            0
        ],
        "precision": [
            0.5,
            0,
            0,
            0,
            0
        ],
        "recall": [
            0.030612244897959183,
            0.0,
            0.0,
            0.0,
            0.0
        ]
    },
    "val_loss": [
        0.011366780381649733,
        0.010085182978461187,
        0.013911146235962709,
        0.011185463983565569,
        0.010337818957244357
    ],
    "val_metrics": {
        "accuracy": [
            1.0,
            1.0,
            1.0,
            1.0,
            1.0
        ],
        "f1": [
            0,
            0,
            0,
            0,
            0
        ],
        "precision": [
            0,
            0,
            0,
            0,
            0
        ],
        "recall": [
            0,
            0,
            0,
            0,
            0
        ]
    },
    "test_loss": [],
    "test_metrics": {
        "accuracy": [],
        "f1": [],
        "precision": [],
        "recall": []
    },
    "steps": [
        0,
        1,
        2,
        3,
        4
    ],
    "val_steps": [
        0,
        1,
        2,
        3,
        4
    ],
    "grad_norms": [
        1.3910623465053504,
        1.1465480105252936,
        0.7940265616562101,
        0.9838981452776352,
        0.4443767898665101,
        1.5254970953683369,
        1.2074676603006083,
        2.2939097430789843,
        0.9183324930636445,
        1.107944124538335,
        1.4845546405849745,
        1.9609684723545797,
        0.992643012694316,
        0.491859752102755,
        0.4592911387553613,
        0.7971348076753202,
        0.7687065777136013,
        0.752238227010821,
        0.7265741518131108,
        0.9015989052059012,
        1.2791512340481859,
        0.32363940690265736,
        0.37322524023329606,
        4.513520067266654,
        0.9658864213415654,
        1.0353469120600494,
        0.2798446545020852,
        0.8197633767995285,
        0.3765512950667471,
        0.7982168591552181,
        0.5651861576698138,
        0.7208596306445543,
        1.4623947887885151,
        0.7347779716583318,
        0.7641147591493791,
        1.1317572907864815,
        0.26742062458288274,
        0.7500778483590693,
        1.2170612913614605,
        0.8094121353860828,
        0.596488211544056,
        1.0437106781464536,
        0.1931175110021286,
        0.46348805744128185,
        0.2059743745103333,
        0.8292659566068323,
        0.7264953813137254,
        2.2292329051997513,
        0.42801011585834203,
        0.6438373203345691,
        0.4826222442789003,
        0.2750042120933358,
        0.4456049834698206,
        0.40901814323297003,
        1.2283020971226506,
        0.6983043584332336,
        1.4361768590169959,
        0.8493661739485105,
        1.1705073364282725,
        0.7142828817668487
    ],
    "grad_steps": [
        1,
        2,
        3,
        4,
        5,
        6,
        7,
        8,
        9,
        10,
        11,
        12,
        13,
        14,
        15,
        16,
        17,
        18,
        19,
        20,
        21,
        22,
        23,
        24,
        25,
        26,
        27,
        28,
        29,
        30,
        31,
        32,
        33,
        34,
        35,
        36,
        37,
        38,
        39,
        40,
        41,
        42,
        43,
        44,
        45,
        46,
        47,
        48,
        49,
        50,
        51,
        52,
        53,
        54,
        55,
        56,
        57,
        58,
        59,
        60
    ]
}