{
    "train_loss": [
        0.03272311257911317,
        0.03151521828071571,
        0.031099578747410834,
        0.030820421115667733,
        0.030473885910562527,
        0.030379739859037927,
        0.02994585823221707,
        0.029884590144142693,
        0.02992310537784188,
        0.029561352417056944
    ],
    "train_metrics": {
        "accuracy": [
            0.4852420306965762,
            0.5159386068476978,
            0.5159386068476978,
            0.5206611570247934,
            0.5312868949232585,
            0.5442739079102715,
            0.5525383707201889,
            0.5785123966942148,
            0.5537190082644629,
            0.5867768595041323
        ],
        "f1": [
            0.6618407445708377,
            0.7057673509286413,
            0.6874350986500519,
            0.6850477200424178,
            0.6674364896073902,
            0.6932447397563676,
            0.6931818181818182,
            0.6997578692493946,
            0.6898148148148148,
            0.7239404352806414
        ],
        "precision": [
            0.5882352941176471,
            0.6016666666666667,
            0.6129629629629629,
            0.6211538461538462,
            0.6523702031602708,
            0.6520833333333333,
            0.6673960612691466,
            0.71712158808933,
            0.6742081447963801,
            0.7022222222222222
        ],
        "recall": [
            0.7565011820330969,
            0.8534278959810875,
            0.7825059101654847,
            0.7635933806146572,
            0.6832151300236406,
            0.7399527186761229,
            0.7210401891252955,
            0.6832151300236406,
            0.7061611374407583,
            0.7470449172576832
        ]
    },
    "val_loss": [
        0.03483782825725419,
        0.0339727818078938,
        0.03410626277327537,
        0.03523112540798527,
        0.033909066908416295,
        0.033403132465623674,
        0.03419151306152344,
        0.03375129774212837,
        0.03431134195554824,
        0.03278984730797154
    ],
    "val_metrics": {
        "accuracy": [
            0.4563758389261745,
            0.42953020134228187,
            0.4228187919463087,
            0.48322147651006714,
            0.4697986577181208,
            0.48322147651006714,
            0.5033557046979866,
            0.48322147651006714,
            0.5167785234899329,
            0.47651006711409394
        ],
        "f1": [
            0.6974358974358975,
            0.5827814569536424,
            0.5789473684210527,
            0.5528455284552846,
            0.6369426751592356,
            0.5864661654135338,
            0.6119402985074626,
            0.6783625730994152,
            0.7093023255813953,
            0.611111111111111
        ],
        "precision": [
            0.5666666666666667,
            0.5789473684210527,
            0.5714285714285714,
            0.7083333333333334,
            0.6097560975609756,
            0.6724137931034483,
            0.6949152542372882,
            0.6041666666666666,
            0.6288659793814433,
            0.6376811594202898
        ],
        "recall": [
            0.9066666666666666,
            0.5866666666666667,
            0.5866666666666667,
            0.4533333333333333,
            0.6666666666666666,
            0.52,
            0.5466666666666666,
            0.7733333333333333,
            0.8133333333333334,
            0.5866666666666667
        ]
    },
    "test_loss": [],
    "test_metrics": {
        "accuracy": [],
        "f1": [],
        "precision": [],
        "recall": []
    },
    "steps": [
        0,
        1,
        2,
        3,
        4,
        5,
        6,
        7,
        8,
        9
    ],
    "val_steps": [
        0,
        1,
        2,
        3,
        4,
        5,
        6,
        7,
        8,
        9
    ],
    "grad_norms": [
        1.8676626103697345,
        1.5750573961995542,
        1.2004639339866117,
        1.0479425114463083,
        1.4510512057458982,
        2.0741187408711994,
        1.119237334081845,
        1.2816840461746324,
        1.4085295673139626,
        1.299251423770329,
        1.630850384972291,
        0.7113796294579515,
        0.671829487910145,
        1.0377076397489873,
        1.9187234945420641,
        1.2974247673118953,
        1.201279493077891,
        2.1753901760093868,
        1.391969604548649,
        1.436591684978339,
        2.350836758094374,
        1.4965821628720732,
        1.677092305617407,
        1.6393676236766623,
        0.9710457682813285,
        1.6583572960807942,
        0.6973546193694347,
        1.0495340663619572,
        0.960202577036398,
        0.7800816591407056,
        1.1891731856303522,
        1.3335153323423583,
        1.1150855251325993,
        0.7652978031765088,
        0.9384913464455167,
        1.1463337906025117,
        1.7077975017891731,
        0.7454343817007612,
        0.9430173068394652,
        1.6206967784964945,
        0.9138345121755265,
        0.4052247353029088,
        0.9150720148900291,
        1.5828179165837355,
        0.9572655053634662,
        1.4850225450791186,
        0.9748903562576743,
        0.8870066139788833,
        2.338856885791756,
        1.7239261095237453,
        0.9467568316613324,
        1.4893652413738891,
        1.138021249716985,
        1.4132395930646453,
        0.48254454692505533,
        1.026912431945675,
        0.5934213875589194,
        1.7774323723569978,
        1.0478441237064544,
        1.0778423049196135,
        0.6153422471834347,
        0.630125852963829,
        0.9922656551061664,
        0.9959689891256858,
        1.5680131529225037,
        0.6853976979036815,
        1.720143586906488,
        0.5482084076429601,
        1.1790939434140455,
        1.163429820589954,
        0.7836924524817732,
        1.4447337109595537,
        1.7354297570127528,
        0.7744582228187937,
        1.0536531814432237,
        1.1710397449787706,
        0.7915805529337376,
        1.0602798911713762,
        1.5135171257716138,
        0.754661249142373,
        0.8996401212134515,
        1.3461939415574307,
        0.9245322408678476,
        1.6091832002566662,
        0.42367194013058906,
        1.2547119301598286,
        1.1476418408274185,
        1.062088446735288,
        0.695681292709196,
        1.2195327815279597,
        0.8093068958842196,
        1.170197367289802,
        0.8910704535373952,
        1.6017070427769795,
        1.4917276984197088,
        0.5757443210532074,
        1.6279505541315302,
        1.5129158671188634,
        1.5817518916446716,
        2.197166416182881,
        2.9069943613139912,
        0.9797961581207346,
        2.131379662489053,
        1.2920854131807573,
        1.1016071018530056,
        1.2035083869996015,
        1.2715059560723603,
        2.142721452692058,
        1.8518760502920486,
        1.549858892307384,
        1.979209139914019,
        1.1910700511652976,
        1.333836903606425,
        2.8164130270597525,
        1.6818573522032239,
        1.217446999042295,
        0.5661228773315088,
        0.8411493930616416,
        1.4944972769299056,
        1.8975556090590544,
        2.050527041195892,
        1.8793245176202618,
        1.1649527260451578,
        0.6307071895280387,
        1.1291372199484613,
        1.7529818637121934,
        0.5809444906626595,
        0.6604647501226282,
        0.8284749972517602,
        1.157801910667331,
        0.9517453502630815,
        1.738606563245412,
        1.4048045964445919,
        0.7270621444477001,
        2.5061534509295598,
        2.2827619921881706,
        1.2472990693058819,
        1.4970463950303383,
        1.5686646724061575,
        1.511130879574921,
        3.1356836614431813,
        1.6837480681715533,
        0.8023214605927933,
        1.2320365702616982,
        1.246301879407838,
        1.4449727093451656,
        0.8672951921180356,
