{
    "train_loss": [
        0.02273854561563995,
        0.022615362307988107,
        0.022466142390233774,
        0.022365212582776114,
        0.022229557171360485,
        0.022149834781885147,
        0.022012829560683005,
        0.021943486127485003,
        0.02180487892797424,
        0.021701378864236176
    ],
    "train_metrics": {
        "accuracy": [
            0.4939759036144578,
            0.6305220883534136,
            0.6465863453815262,
            0.6566265060240963,
            0.6485943775100401,
            0.6485943775100401,
            0.6566265060240963,
            0.6646586345381527,
            0.6626506024096386,
            0.6666666666666666
        ],
        "f1": [
            0.38536585365853654,
            0.3698630136986302,
            0.34814814814814815,
            0.34980988593155893,
            0.3190661478599222,
            0.3190661478599222,
            0.3187250996015936,
            0.32388663967611336,
            0.3170731707317073,
            0.31404958677685946
        ],
        "precision": [
            0.2831541218637993,
            0.33540372670807456,
            0.3381294964028777,
            0.3484848484848485,
            0.3253968253968254,
            0.3253968253968254,
            0.3333333333333333,
            0.3448275862068966,
            0.3391304347826087,
            0.34234234234234234
        ],
        "recall": [
            0.6030534351145038,
            0.4122137404580153,
            0.35877862595419846,
            0.3511450381679389,
            0.31297709923664124,
            0.31297709923664124,
            0.3053435114503817,
            0.3053435114503817,
            0.29770992366412213,
            0.2900763358778626
        ]
    },
    "val_loss": [
        0.021646202040406372,
        0.021624183998658106,
        0.02160799202437584,
        0.021593219958818875,
        0.021584766988570873,
        0.02157758276623029,
        0.021572819982583705,
        0.021571837938748874,
        0.021571219683839724,
        0.021574914885255005
    ],
    "val_metrics": {
        "accuracy": [
            0.5216346153846154,
            0.5408653846153846,
            0.5216346153846154,
            0.53125,
            0.5264423076923077,
            0.53125,
            0.53125,
            0.5288461538461539,
            0.5288461538461539,
            0.53125
        ],
        "f1": [
            0.3914373088685015,
            0.3054545454545455,
            0.23754789272030655,
            0.23529411764705882,
            0.20883534136546186,
            0.2040816326530612,
            0.18410041841004185,
            0.16239316239316237,
            0.16239316239316237,
            0.16309012875536483
        ],
        "precision": [
            0.46715328467153283,
            0.49411764705882355,
            0.43661971830985913,
            0.46153846153846156,
            0.4406779661016949,
            0.45454545454545453,
            0.4489795918367347,
            0.4318181818181818,
            0.4318181818181818,
            0.4418604651162791
        ],
        "recall": [
            0.3368421052631579,
            0.22105263157894736,
            0.1631578947368421,
            0.15789473684210525,
            0.1368421052631579,
            0.13157894736842105,
            0.11578947368421053,
            0.1,
            0.1,
            0.1
        ]
    },
    "test_loss": [],
    "test_metrics": {
        "accuracy": [],
        "f1": [],
        "precision": [],
        "recall": []
    },
    "steps": [
        0,
        1,
        2,
        3,
        4,
        5,
        6,
        7,
        8,
        9
    ],
    "val_steps": [
        0,
        1,
        2,
        3,
        4,
        5,
        6,
        7,
        8,
        9
    ],
    "grad_norms": [
        1.5311139588593505,
        2.3770767944224644,
        2.75521719455719,
        2.874711730342824,
        3.7496029663598165,
        2.661970919871237,
        3.5643848079489544,
        1.8617726366501302,
        2.158385736925993,
        1.2565499804913998,
        3.3062964237469714,
        2.242350494430866,
        2.7317509168351535,
        2.672937434137566,
        2.8856735966401175,
        2.924211475881748,
        3.3223717607324943,
        1.9218164632911794,
        1.843865550647024,
        1.4933837589051109,
        2.4889887991303112,
        2.816390081163263,
        2.0318661596393213,
        2.3994022445112932,
        3.126057992107235,
        5.225798605242744,
        2.626811342430301,
        2.1207010348152835,
        2.0015323776751757,
        2.1639833716326393,
        3.193776855710894,
        1.504860263732553,
        0.7037739161605714,
        2.260306463314919,
        2.562600209930679,
        2.9888085402490105,
        2.261312372313114,
        3.0252046996029094,
        3.1609536831383593,
        2.2818440207629465,
        3.0477650114917196,
        3.2126790519687347,
        2.961573715641862,
        1.434311536810128,
        0.9569637515050999,
        2.94445518089924,
        3.295798180741258,
        3.390592592593748,
        2.714471331681125,
        1.9802729449584149,
        2.002393810194917,
        2.4829361786833033,
        2.379956172720995,
        2.3180886514601298,
        3.439614698814694,
        1.9301210381963756,
        1.654439135309076,
        3.8939208117080852,
        2.198862948891474,
        2.662976175430231,
        2.4237999137549195,
        2.7558396077656653,
        2.267934762436198,
        1.582765717888833,
        3.455843032395933,
        1.8948160775762517,
        3.111929182196036,
        1.2323843744961778,
        2.8667189451807644,
        2.4766980207059532,
        0.3063143967410724,
        2.44654254175839,
        2.634487688395893,
        2.2177697975421324,
        2.7622120688902214,
        2.7678711054322775,
        1.7625780736561865,
        4.020357971312478,
        1.9972012140206061,
        2.9503203725616913,
        3.240824937034631,
        1.1269184542179573,
        2.274014089780394,
        2.0642920175450854,
        1.4569462076178752,
        2.0737878730287775,
        1.531086268776562,
        3.5610430084634572,
        3.0657217030529864,
        1.1814863089675782,
        3.7244916472700424,
        2.753607230668422,
        2.0107844102894887,
        3.0681109642609954,
        2.7912565626902506,
        1.5527385806490202,
        3.1322302219632547,
        2.28753452032106,
        2.233130566775799,
        2.3405623150174506,
        2.5183169924421236,
        0.5365003984516079,
        2.8205374421086162,
        1.8838653373531997,
        2.671448319713818,
        2.0701932423980907,
        2.729499333014246,
        1.7752605936548207,
        3.0638412684202194,
        3.034931989503093,
        1.7357030138955452,
        3.3510910575278103,
        1.5358280100044794,
        3.06060894735856,
        1.8346890856337268,
        3.9271624429966323,
        3.0947663679835387,
        1.921488677180605,
        3.2504745812620968,
        2.2021074530202895,
        1.679710246709874,
        0.8369770288554719,
        2.7523514341155533,
        2.754183039854979,
        3.0569498565164395,
        1.2408617209875956,
        1.3098262282146607,
        1.469352443004027,
        1.786105587030761,
        2.4892392696347088,
        1.7778543787135277,
        3.5193968590465374,
        2.6722634180623572,
        2.3855596241774037,
        1.396676244912669,
        3.426890942733735,
        2.172013036441058,
        2.6114630556548946,
        1.7736269022134366,
        1.830333356076153,
        1.4559097971650772,
        1.7285563411569456,
        2.3681158895487897,
        2.0975128604623023,
        0.8698941569455201,
        0.9227806289709406,
        2.7777499439544044,
        1.2856961966026574,
        2.5417587699193973,
